,codigo,precio,zona,barrio_sector,tipo_pisos,baños_familiares,area_bruta,ciudad,numero_niveles,tipo_cocina,parqueaderos,otras_comodidades,alcobas_familiares,estrato,area_total,juegos_infantiles,balcon,zona_ropas,camaras_cctv,cancha_polideportiva,ascensor,cancha_squash,zona_bbq,patio,unidad_cerrada_conjunto,zonas_verdes,aire_acondicionado,jacuzzi,red_de_Gas,turco,porteria_24_7,sauna,calentador_de_agua,terraza,closet_de_linos,biblioteca,parqueadero_visitantes,gimnasio,piscina,salon_social,dispositivos_automatizacion,alarma
0,Código 1306444  / Castilla,"EN ARRIENDO $1,100,000",Apartamento en Arriendo Castilla Medellin ,Castilla,Ceramica,1 + Baño de servicio,95 M2. aproximadamente,Medellin Zona 1 - Centro,1,Integral,0 (),,3 + Alcoba de servicio,0,95 M2.,0,0,1,0,0,0,0,0,1,0,0,0,0,1,0,0,0,0,1,1,1,0,0,0,0,0,0
1,Código 1306376  / El Salvador,"EN ARRIENDO $950,000",Apartamento en Arriendo El Salvador Medellin ,El Salvador,Ceramica,1,70 M2. aproximadamente,Medellin Zona 1 - Centro,1,Semi-Integral,0 (),,2,3,70 M2.,0,0,1,0,0,0,0,0,0,0,0,0,0,1,0,0,0,0,0,0,0,0,0,0,0,0,0
2,Código 1306287  / Los Angeles,"EN ARRIENDO $970,000",Apartamento en Arriendo Los Angeles Medellin ,Los Angeles,Ceramica,1,38 M2. aproximadamente,Medellin Zona 1 - Centro,1,Semi-Integral,0 (),,1,4,38 M2.,0,0,1,0,0,0,0,0,0,0,0,0,0,1,0,0,0,0,0,1,0,0,0,0,0,0,0
3,Código 1306212  / Prado,"EN ARRIENDO $1,400,000",Apartamento en Arriendo Prado Medellin ,Prado,Ceramica,1,50 M2. aproximadamente,Medellin Zona 1 - Centro,1,Integral,1 (),,2,0,50 M2.,0,0,1,0,0,1,0,0,0,1,0,0,0,1,0,1,0,1,0,1,1,1,0,0,0,0,0
4,Código 1306007  / 12 de Octubre,"EN ARRIENDO $800,000",Apartamento en Arriendo 12 de Octubre Medellin ,12 de Octubre,Ceramica,"1
                                    baño familar",92 M2. aproximadamente,Medellin Zona 1 - Centro,1,Integralcon alacenas,0 (),,3,2,92 M2.,0,1,1,0,0,0,0,0,1,0,0,0,0,1,0,0,0,1,0,0,0,0,0,0,0,0,0
5,Código 1305953  / Boston,"EN ARRIENDO $1,200,000",Apartamento en Arriendo Boston Medellin ,Boston,Ceramica,2,55 M2. aproximadamente,Medellin Zona 1 - Centro,1,IntegralAlacenas,0 (),,3,3,55 M2.,1,1,1,0,0,1,0,0,0,1,0,0,0,1,0,1,0,0,0,0,0,0,0,1,1,0,0
6,Código 1305951  / Manrique,"EN ARRIENDO $1,150,000",Apartamento en Arriendo Manrique Medellin ,Manrique,Baldosa comun,2,60 M2. aproximadamente,Medellin Zona 1 - Centro,1,Semi-Integral,0 (),,3,3,60 M2.,0,1,1,0,0,0,0,0,0,0,0,0,0,1,0,0,0,1,0,0,0,0,0,0,0,0,0
7,Código 1305761  / San Pablo,"EN ARRIENDO $1,060,000",Apartamento en Arriendo San Pablo Medellin ,San Pablo,Ceramica,1,40 M2. aproximadamente,Medellin Zona 1 - Centro,1,Integral,0 (),,2,3,40 M2.,0,0,1,0,0,0,0,0,1,1,0,0,0,1,0,0,0,1,0,0,0,0,0,0,0,0,0
8,Código 1305732  / Villa Hermosa,"EN ARRIENDO $750,000",Apartamento en Arriendo Villa Hermosa Medellin ,Villa Hermosa,Ceramica,1,20 M2. aproximadamente,Medellin Zona 1 - Centro,1,Integral,0 (),,1,3,20 M2.,0,1,1,0,0,0,0,0,0,0,0,0,0,1,0,0,0,0,0,0,0,0,0,0,0,0,0
9,Código 1305720  / Buenos Aires,"EN ARRIENDO $950,000",Apartamento en Arriendo Buenos Aires Medellin ,Buenos Aires,Ceramica,1,35 M2. aproximadamente,Medellin Zona 1 - Centro,1,Integral,0 (),,2,3,35 M2.,1,0,1,0,0,0,0,0,0,0,1,0,0,1,1,1,0,0,0,1,0,0,0,1,1,0,0
10,Código 1305707  / Campo Valdes,"EN ARRIENDO $800,000",Apartamento en Arriendo Campo Valdes Medellin ,Campo Valdes,Ceramica,1,55 M2. aproximadamente,Medellin Zona 1 - Centro,1,Semi-Integral,0 (),,2,3,55 M2.,0,1,1,0,0,0,0,0,0,0,0,0,0,1,0,0,0,0,0,1,0,0,0,0,0,0,0
11,Código 1305694  / Manrique,"EN ARRIENDO $900,000",Apartamento en Arriendo Manrique Medellin ,Manrique,Ceramica,1,60 M2. aproximadamente,Medellin Zona 1 - Centro,1,Integral,0 (),,1,3,60 M2.,0,0,1,0,0,0,0,0,0,0,0,0,0,1,0,0,0,0,0,0,0,0,0,0,0,0,0
12,Código 1305557  / Manrique,"EN ARRIENDO $990,000",Apartamento en Arriendo Manrique Medellin ,Manrique,Ceramica,1,65 M2. aproximadamente,Medellin Zona 1 - Centro,1,Integral,0 (),,1,1,65 M2.,0,0,1,0,0,0,0,0,0,0,0,0,0,1,0,0,0,1,0,0,0,0,0,0,0,0,0
13,Código 1305550  / Buenos Aires,"EN ARRIENDO $850,000",Apartamento en Arriendo Buenos Aires Medellin ,Buenos Aires,Ceramica,1,55 M2. aproximadamente,Medellin Zona 1 - Centro,1,Integral,1 (moto),,2,2,55 M2.,0,0,0,0,0,0,0,0,1,0,0,0,0,1,0,0,0,0,0,0,0,0,0,0,0,0,0
14,Código 1305518  / Bombona,"EN ARRIENDO $6,000,000",Apartamento en Arriendo Bombona Medellin ,Bombona,Baldosa comun,3,312 M2. aproximadamente,Medellin Zona 1 - Centro,1,Sencilla,0 (),,6,4,312 M2.,0,0,1,0,0,0,0,0,1,0,0,0,0,1,0,0,0,0,0,0,0,0,0,0,0,0,0
15,Código 1305413  / Barrio Caribe,"EN ARRIENDO $1,350,000",Apartamento en Arriendo Barrio Caribe Medellin ,Barrio Caribe,Ceramica,"1
                                    Cabinado",100 M2. aproximadamente,Medellin Zona 1 - Centro,1,Semi-Integral,0 (),,"3
                                    2 Closet",3,100 M2.,0,1,1,0,0,0,0,0,1,0,0,0,0,1,0,0,0,1,0,0,0,0,0,0,0,0,0
16,Código 1305403  / Centro,"EN ARRIENDO $920,000",Apartamento en Arriendo Centro Medellin ,Centro,Baldosa comun,1,40 M2. aproximadamente,Medellin Zona 1 - Centro,1,Semi-Integral,0 (),,1,4,40 M2.,0,1,0,0,0,1,0,0,0,0,0,0,0,0,0,1,0,0,0,0,0,0,0,0,0,0,0
17,Código 1305402  / Manrique,"EN ARRIENDO $1,100,000",Apartamento en Arriendo Manrique Medellin ,Manrique,Baldosa comun,1,40 M2. aproximadamente,Medellin Zona 1 - Centro,1,Integral,0 (),,2,3,40 M2.,0,1,0,0,0,0,0,0,0,0,0,0,0,1,0,0,0,0,0,1,0,0,0,0,0,0,0
18,Código 1305317  / Manrique,"EN ARRIENDO $800,000",Apartamento en Arriendo Manrique Medellin ,Manrique,Ceramica,1,60 M2. aproximadamente,Medellin Zona 1 - Centro,1,Sencilla,0 (),,2,3,60 M2.,0,0,0,0,0,0,0,0,0,0,0,0,0,1,0,0,0,0,0,1,0,0,0,0,0,0,0
19,Código 1305295  / Campo Valdes,"EN ARRIENDO $750,000",Apartamento en Arriendo Campo Valdes Medellin ,Campo Valdes,Ceramica,1,65 M2. aproximadamente,Medellin Zona 1 - Centro,1,Integral,0 (),,1,3,65 M2.,0,0,1,0,0,0,0,0,1,0,0,0,0,1,0,0,0,0,0,0,0,0,0,0,0,0,0
20,Código 1305223  / Sevilla,"EN ARRIENDO $1,000,000",Apartamento en Arriendo Sevilla Medellin ,Sevilla,Ceramica,1,45 M2. aproximadamente,Medellin Zona 1 - Centro,1,Integral,0 (),,2,3,45 M2.,0,0,1,0,0,0,0,0,0,0,0,0,0,1,0,0,0,0,0,0,0,0,0,0,0,0,0
21,Código 1305222  / Boston,"EN ARRIENDO $500,000",Apartamento en Arriendo Boston Medellin ,Boston,Ceramica,1,20 M2. aproximadamente,Medellin Zona 1 - Centro,1,Integral,0 (),,1,3,20 M2.,0,0,0,0,0,0,0,0,0,0,0,0,0,0,0,0,0,0,0,0,0,0,0,0,0,0,0
22,Código 1305194  / Boston,"EN ARRIENDO $1,600,000",Apartamento en Arriendo Boston Medellin ,Boston,Ceramica,1,60 M2. aproximadamente,Medellin Zona 1 - Centro,2,Integral,0 (),,1,4,60 M2.,0,1,1,0,0,0,0,0,0,0,0,0,0,1,0,0,0,0,0,0,0,0,0,0,0,0,0
23,Código 1305148  / Loreto,"EN ARRIENDO $1,550,000",Apartamento en Arriendo Loreto Medellin ,Loreto,Ceramica,"1
                                    Cabinado en vidrio",70 M2. aproximadamente,Medellin Zona 1 - Centro,1,Semi-IntegralCon red de gas,0 (),,"3
                                    Con closet",3,70 M2.,0,1,1,0,0,0,0,0,1,0,0,0,0,1,0,0,0,0,1,0,0,0,0,0,0,0,0
24,Código 1305138  / La Milagrosa,"EN ARRIENDO $850,000",Apartamento en Arriendo La Milagrosa Medellin ,La Milagrosa,Ceramica,1,47 M2. aproximadamente,Medellin Zona 1 - Centro,1,Semi-Integral,0 (),,2,3,47 M2.,0,0,1,0,0,0,0,0,0,0,0,0,0,0,0,0,0,0,0,1,0,0,0,0,0,0,0
25,Código 1305106  / Campo Valdes,"EN ARRIENDO $550,000",Apartamento en Arriendo Campo Valdes Medellin ,Campo Valdes,Ceramica,1,50 M2. aproximadamente,Medellin Zona 1 - Centro,1,SencillaCON GABINETES,0 (),,1,3,50 M2.,0,0,0,0,0,0,0,0,0,0,0,0,0,1,0,0,0,0,0,1,0,0,0,0,0,0,0
26,Código 1305051  / Villa Hermosa,"EN ARRIENDO $2,100,000",Apartamento en Arriendo Villa Hermosa Medellin ,Villa Hermosa,Baldosa comun,2,140 M2. aproximadamente,Medellin Zona 1 - Centro,1,Semi-Integral,0 (),,4,3,140 M2.,0,0,0,0,0,0,0,0,0,0,0,0,0,0,0,0,0,0,0,0,0,0,0,0,0,0,0
27,Código 1305028  / Villa Hermosa,"EN ARRIENDO $700,000",Apartamento en Arriendo Villa Hermosa Medellin ,Villa Hermosa,Ceramica,1,20 M2. aproximadamente,Medellin Zona 1 - Centro,1,Integral,0 (),,1,4,20 M2.,0,0,1,0,0,0,0,0,0,0,0,0,0,1,0,0,0,0,0,0,0,0,0,0,0,0,0
28,Código 1305022  / Pedregal,"EN ARRIENDO $850,000",Apartamento en Arriendo Pedregal Medellin ,Pedregal,Ceramica,1,52 M2. aproximadamente,Medellin Zona 1 - Centro,1,Integral,0 (),,2,0,52 M2.,0,0,1,0,0,0,0,0,1,0,0,0,0,1,0,0,0,1,0,1,0,0,0,0,0,0,0
29,Código 1305006  / Florencia,"EN ARRIENDO $800,000",Apartamento en Arriendo Florencia Medellin ,Florencia,Ceramica,1,50 M2. aproximadamente,Medellin Zona 1 - Centro,1,Integral,0 (),,2,3,50 M2.,0,0,1,0,0,0,0,0,1,0,0,0,0,1,0,0,0,0,0,0,1,0,0,0,0,0,0
30,Código 1304944  / Aranjuez,"EN ARRIENDO $950,000",Apartamento en Arriendo Aranjuez Medellin ,Aranjuez,Ceramica,1,45 M2. aproximadamente,Medellin Zona 1 - Centro,1,SencillaRed de gas,0 (),,2,2,45 M2.,0,0,1,0,0,0,0,0,0,0,0,0,0,1,0,0,0,1,0,1,0,0,0,0,0,0,0
31,Código 1304893  / Castilla,"EN ARRIENDO $1,200,000",Apartamento en Arriendo Castilla Medellin ,Castilla,Baldosa comun,2,65 M2. aproximadamente,Medellin Zona 1 - Centro,1,Integral,0 (),,"3
                                    1 CLOSET",3,65 M2.,0,1,1,0,0,0,0,0,1,0,0,0,0,1,0,0,0,0,0,0,0,0,0,0,0,0,0
32,Código 1304888  / Castilla,"EN ARRIENDO $1,600,000",Apartamento en Arriendo Castilla Medellin ,Castilla,Baldosa comun,2,75 M2. aproximadamente,Medellin Zona 1 - Centro,1,Integral,0 (),,3,3,75 M2.,0,1,1,0,0,0,0,0,1,0,0,0,0,1,0,0,0,0,0,0,0,0,0,0,0,0,0
33,Código 1304828  / Castilla,"EN ARRIENDO $1,800,000",Apartamento en Arriendo Castilla Medellin ,Castilla,Baldosa comun,2,115 M2. aproximadamente,Medellin Zona 1 - Centro,1,Integral,0 (),,3,3,115 M2.,0,1,1,0,0,0,0,0,0,0,0,0,0,1,0,0,0,0,0,0,0,0,0,0,0,0,0
34,Código 1304802  / Castilla,"EN ARRIENDO $1,800,000",Apartamento en Arriendo Castilla Medellin ,Castilla,Baldosa comun,2,115 M2. aproximadamente,Medellin Zona 1 - Centro,1,Integral,0 (),,3,3,115 M2.,0,0,1,0,0,0,0,0,1,0,0,0,0,1,0,0,0,0,0,0,0,0,0,0,0,0,0
35,Código 1304785  / Prado,"EN ARRIENDO $1,100,000",Apartamento en Arriendo Prado Medellin ,Prado,Ceramica,2,70 M2. aproximadamente,Medellin Zona 1 - Centro,1,Integral,0 (),,3,3,70 M2.,0,0,1,0,0,0,0,0,0,0,0,0,0,0,0,0,0,0,1,1,0,0,0,0,0,0,0
36,Código 1304783  / Castilla,"EN ARRIENDO $1,800,000",Apartamento en Arriendo Castilla Medellin ,Castilla,Baldosa comun,2,115 M2. aproximadamente,Medellin Zona 1 - Centro,1,Integral,0 (),,3,3,115 M2.,0,0,1,0,0,0,0,0,1,0,0,0,0,1,0,0,0,0,0,0,0,0,0,0,0,0,0
37,Código 1304727  / Boston,"EN ARRIENDO $1,150,000",Apartamento en Arriendo Boston Medellin ,Boston,Ceramica,1,40 M2. aproximadamente,Medellin Zona 1 - Centro,1,Integral,0 (),,2,3,40 M2.,0,0,0,0,0,0,0,0,0,0,0,0,0,0,0,1,0,0,0,0,0,0,0,0,0,0,0
38,Código 1304706  / San Pablo,"EN ARRIENDO $600,000",Apartamento en Arriendo San Pablo Medellin ,San Pablo,Ceramica,1,48 M2. aproximadamente,Medellin Zona 1 - Centro,1,Semi-Integral,0 (),,2,2,48 M2.,0,0,0,0,0,0,0,0,1,0,0,0,0,1,0,0,0,0,0,0,0,0,0,0,0,0,0
39,Código 1304695  / La Milagrosa,"EN ARRIENDO $800,000",Apartamento en Arriendo La Milagrosa Medellin ,La Milagrosa,Baldosa comun,1,60 M2. aproximadamente,Medellin Zona 1 - Centro,1,Semi-Integral,0 (),,2,3,60 M2.,0,1,0,0,0,0,0,0,1,0,0,0,0,1,0,0,0,0,0,0,0,0,0,0,0,0,0
40,Código 1304669  / Encizo,"EN ARRIENDO $950,000",Apartamento en Arriendo Encizo Medellin ,Encizo,Ceramica,"1
                                    BAÑO CON CABINA",100 M2. aproximadamente,Medellin Zona 1 - Centro,1,IntegralCON RED DE GAS,0 (NO TIENE),"MAYORES INFORMES
ASESOR
SERGIO TOBOBN VALENCIA
CELULAR
312   742   31   12
PANORAMA  LAURELES
PBX
604   413  27  27",3,3,100 M2.,0,1,1,0,0,0,0,0,1,0,0,0,0,0,0,0,0,0,0,0,0,0,0,0,0,0,0
41,Código 1304499  / Castilla,"EN ARRIENDO $1,100,000",Apartamento en Arriendo Castilla Medellin ,Castilla,Ceramica,1,60 M2. aproximadamente,Medellin Zona 1 - Centro,402,Sencilla,0 (),,3,3,60 M2.,0,1,1,0,1,0,0,0,0,0,1,0,0,1,0,0,0,0,0,0,0,0,0,0,1,0,0
42,Código 1304462  / El Salvador,"EN ARRIENDO $1,800,000",Apartamento en Arriendo El Salvador Medellin ,El Salvador,Ceramica,2,120 M2. aproximadamente,Medellin Zona 1 - Centro,1,Integral,0 (),,4,3,120 M2.,0,1,1,0,0,0,0,0,0,0,0,0,0,1,0,0,0,1,0,0,0,0,0,0,0,0,0
43,Código 1304457  / El Salvador,"EN ARRIENDO $1,950,000",Apartamento en Arriendo El Salvador Medellin ,El Salvador,Ceramica,2,120 M2. aproximadamente,Medellin Zona 1 - Centro,1,Integral,1 (),,4,3,120 M2.,0,0,0,0,0,0,0,0,1,0,0,0,0,1,0,0,0,1,0,0,0,0,0,0,0,0,0
44,Código 1304378  / Centro,"EN ARRIENDO $3,000,000",Apartamento en Arriendo Centro Medellin ,Centro,Ceramica,3,300 M2. aproximadamente,Medellin Zona 1 - Centro,1,Integral,0 (),,5,4,300 M2.,0,0,1,0,0,1,0,0,1,0,0,0,0,1,1,0,0,1,0,1,0,0,0,0,0,0,0
45,Código 1304371  / La Milagrosa,"EN ARRIENDO $1,000,000",Apartamento en Arriendo La Milagrosa Medellin ,La Milagrosa,Ceramica,2,60 M2. aproximadamente,Medellin Zona 1 - Centro,1,Integral,0 (),,3,3,60 M2.,0,0,1,0,0,0,0,0,0,0,0,0,0,1,0,0,0,0,0,1,0,0,0,0,0,0,0
46,Código 1304365  / Buenos Aires,"EN ARRIENDO $1,400,000",Apartamento en Arriendo Buenos Aires Medellin ,Buenos Aires,Ceramica,2,75 M2. aproximadamente,Medellin Zona 1 - Centro,1,Integral,1 (parqueadero privado cubierto),,2,3,75 M2.,0,1,1,0,0,1,0,0,0,1,0,0,0,1,0,0,0,1,0,1,0,1,0,0,0,0,0
47,Código 1304280  / Manrique,"EN ARRIENDO $1,150,000",Apartamento en Arriendo Manrique Medellin ,Manrique,Ceramica,1,100 M2. aproximadamente,Medellin Zona 1 - Centro,1,Semi-Integral,0 (),,2,3,100 M2.,0,0,0,0,0,0,0,0,0,0,0,0,0,1,0,0,0,0,1,0,0,0,0,0,0,0,0
48,Código 1304224  / Barrio Palmas,"EN ARRIENDO $5,500,000",Apartamento en Arriendo Barrio Palmas Medellin ,Barrio Palmas,Ceramica,2,211 M2. aproximadamente,Medellin Zona 1 - Centro,1,Integral,1 + cuarto útil (),,6,3,211 M2.,0,0,1,0,0,0,0,0,1,0,0,0,0,1,0,0,0,1,0,1,1,0,0,0,0,0,0
49,Código 1304196  / Prado,"EN ARRIENDO $6,800,000",Apartamento en Arriendo Prado Medellin ,Prado,Baldosa comun,5,400 M2. aproximadamente,Medellin Zona 1 - Centro,1,Integral,0 (),,7,4,400 M2.,0,0,0,0,0,0,0,0,1,0,0,0,0,1,0,0,0,0,0,0,0,0,0,0,0,0,0
50,Código 1304129  / Ciudadela Villa de Bosque,"EN ARRIENDO $1,200,000",Apartamento en Arriendo Ciudadela Villa de Bosque San Antonio de Prado,Ciudadela Villa de Bosque,Ceramica,2,54 M2. aproximadamente,Medellin Zona 1 - Centro,1,Integral,0 (),,3,3,54 M2.,1,1,1,0,1,0,0,0,0,1,1,0,0,1,0,1,0,0,0,0,0,1,0,1,1,0,0
51,Código 1304089  / Santa Cruz,"EN ARRIENDO $600,000",Apartamento en Arriendo Santa Cruz Medellin ,Santa Cruz,Ceramica,2,50 M2. aproximadamente,Medellin Zona 1 - Centro,1,Sencilla,0 (),,2,2,50 M2.,0,0,0,0,0,0,0,0,1,0,0,0,0,1,0,0,0,0,0,0,0,0,0,0,0,0,0
52,Código 1304073  / La Candelaria,"EN ARRIENDO $2,000,000",Apartamento en Arriendo La Candelaria Medellin ,La Candelaria,Ceramica,2,65 M2. aproximadamente,Medellin Zona 1 - Centro,1,Semi-Integral,0 (),,3,4,65 M2.,0,1,1,0,0,1,0,0,0,1,0,0,0,1,0,1,0,1,0,0,0,0,0,0,0,0,0
53,Código 1304060  / Florencia,"EN ARRIENDO $850,000",Apartamento en Arriendo Florencia Medellin ,Florencia,Baldosa comun,"1
                                    CABINADO",40 M2. aproximadamente,Medellin Zona 1 - Centro,1,Integral,0 (),,"1
                                    CON CLOSET",4,40 M2.,0,0,1,0,0,0,0,0,0,0,0,0,0,1,0,0,0,0,0,0,0,0,0,0,0,0,0
54,Código 1304058  / La Candelaria,"EN ARRIENDO $900,000",Apartamento en Arriendo La Candelaria Medellin ,La Candelaria,Ceramica,"1
                                    CABINADO",40 M2. aproximadamente,Medellin Zona 1 - Centro,1,Semi-Integral,0 (),,"1
                                    CON CLOSET",4,40 M2.,0,0,1,0,0,1,0,0,0,1,0,0,0,1,0,1,0,0,0,0,0,0,0,0,0,0,0
55,Código 1304052  / Castilla,"EN ARRIENDO $1,200,000",Apartamento en Arriendo Castilla Medellin ,Castilla,Baldosa comun,2,65 M2. aproximadamente,Medellin Zona 1 - Centro,1,Integral,0 (),,"3
                                    1 CLOSET",3,65 M2.,0,1,1,0,0,0,0,0,1,0,0,0,0,1,0,0,0,0,0,0,0,0,0,0,0,0,0
56,Código 1304037  / Boston,"EN ARRIENDO $2,000,000",Apartamento en Arriendo Boston Medellin ,Boston,Baldosa comun,"2
                                    CABINADOS",120 M2. aproximadamente,Medellin Zona 1 - Centro,1,Integral,1 (GARAJE),,"3
                                    2 CLOSET",3,120 M2.,0,0,1,0,0,0,0,0,0,0,0,0,0,1,0,0,0,0,0,0,0,0,0,0,0,0,0
57,Código 1304031  / Prado,"EN ARRIENDO $1,400,000",Apartamento en Arriendo Prado Medellin ,Prado,Ceramica,1,55 M2. aproximadamente,Medellin Zona 1 - Centro,1,Integral,1 (),,2,0,55 M2.,0,0,1,0,0,1,0,0,0,1,0,0,0,1,0,1,0,1,0,1,1,1,0,0,0,0,0
58,Código 1303930  / Centro,"EN ARRIENDO $850,000",Apartamento en Arriendo Centro Medellin ,Centro,Baldosa comun,1,60 M2. aproximadamente,Medellin Zona 1 - Centro,1,Semi-Integral,0 (),,2,3,60 M2.,0,1,0,0,0,0,0,0,1,0,0,0,0,0,0,0,0,0,0,0,0,0,0,0,0,0,0
59,Código 1303737  / Aranjuez,"EN ARRIENDO $1,200,000",Apartamento en Arriendo Aranjuez Medellin ,Aranjuez,Baldosa comun,1,85 M2. aproximadamente,Medellin Zona 1 - Centro,1,Semi-Integral,0 (),,3,3,85 M2.,0,0,1,0,0,0,0,0,1,0,0,0,0,1,0,0,0,0,0,0,0,0,0,0,0,0,0
60,Código 1303711  / Villa Hermosa,"EN ARRIENDO $1,350,000",Apartamento en Arriendo Villa Hermosa Medellin ,Villa Hermosa,Ceramica,1 + Baño de servicio,90 M2. aproximadamente,Medellin Zona 1 - Centro,1,Integral,0 (),,2 + Alcoba de servicio,0,90 M2.,0,0,1,0,0,0,0,0,1,0,0,0,0,1,0,0,0,1,0,1,1,0,0,0,0,0,0
61,Código 1303694  / Campo Valdes,"EN ARRIENDO $800,000",Apartamento en Arriendo Campo Valdes Medellin ,Campo Valdes,Ceramica,1,70 M2. aproximadamente,Medellin Zona 1 - Centro,1,Sencilla,0 (),,3,3,70 M2.,0,0,1,0,0,0,0,0,1,0,0,0,0,1,0,0,0,0,0,1,0,0,0,0,0,0,0
62,Código 1303457  / Villa Hermosa,"EN ARRIENDO $1,000,000",Apartamento en Arriendo Villa Hermosa Medellin ,Villa Hermosa,Ceramica,1,70 M2. aproximadamente,Medellin Zona 1 - Centro,1,Semi-Integral,0 (),,3,3,70 M2.,0,0,1,0,0,0,0,0,0,0,0,0,0,1,0,0,0,0,0,1,0,0,0,0,0,0,0
63,Código 1303294  / Moravia,"EN ARRIENDO $750,000",Apartamento en Arriendo Moravia Medellin ,Moravia,Ceramica,1,65 M2. aproximadamente,Medellin Zona 1 - Centro,1,Semi-Integral,0 (),,2,2,65 M2.,0,0,1,0,0,0,0,0,0,0,0,0,0,1,0,0,0,0,0,0,0,0,0,0,0,0,0
64,Código 1303083  / Manrique,"EN ARRIENDO $850,000",Apartamento en Arriendo Manrique Medellin ,Manrique,Ceramica,1,60 M2. aproximadamente,Medellin Zona 1 - Centro,1,Integral,0 (),,3,1,60 M2.,0,0,0,0,0,0,0,0,0,0,0,0,0,0,0,0,0,0,0,0,0,0,0,0,0,0,0
65,Código 1303079  / Centro,"EN ARRIENDO $1,500,000",Apartamento en Arriendo Centro Medellin ,Centro,granito,2,65 M2. aproximadamente,Medellin Zona 1 - Centro,1,Semi-Integral,1 (moto),,3,4,65 M2.,0,0,1,0,0,0,0,0,0,0,0,0,0,0,0,0,0,0,0,0,0,0,0,0,0,0,0
66,Código 1303068  / Centro,"EN ARRIENDO $1,200,000",Apartamento en Arriendo Centro Medellin ,Centro,granito,1,60 M2. aproximadamente,Medellin Zona 1 - Centro,1,Semi-Integral,1 (moto),,2,4,60 M2.,0,0,1,0,0,0,0,0,0,0,0,0,0,0,0,0,0,0,0,0,0,0,0,0,0,0,0
67,Código 1302737  / Buenos Aires,"EN ARRIENDO $950,000",Apartamento en Arriendo Buenos Aires Medellin ,Buenos Aires,Ceramica,1,64 M2. aproximadamente,Medellin Zona 1 - Centro,1,Sencilla,0 (),,3,4,64 M2.,0,1,0,0,0,0,0,0,0,0,0,0,0,0,0,0,0,0,1,1,0,0,0,0,0,0,0
68,Código 1302595  / Buenos Aires,"EN ARRIENDO $950,000",Apartamento en Arriendo Buenos Aires Medellin ,Buenos Aires,Ceramica,1,55 M2. aproximadamente,Medellin Zona 1 - Centro,1,Sencilla,0 + cuarto útil (),,2,3,55 M2.,0,0,1,0,0,0,0,0,0,0,0,0,0,0,0,0,0,0,0,0,0,0,0,0,0,0,0
69,Código 1302500  / Aranjuez,"EN ARRIENDO $750,000",Apartamento en Arriendo Aranjuez Medellin ,Aranjuez,Ceramica,1,55 M2. aproximadamente,Medellin Zona 1 - Centro,1,Semi-Integral,0 (),,2,3,55 M2.,0,0,1,0,0,0,0,0,0,0,0,0,0,1,0,0,0,0,0,1,0,0,0,0,0,0,0
70,Código 1302447  / Barrio Palmas,"EN ARRIENDO $800,000",Apartamento en Arriendo Barrio Palmas Medellin ,Barrio Palmas,Ceramica,1,15 M2. aproximadamente,Medellin Zona 1 - Centro,1,Sencilla,0 (),,1,3,15 M2.,0,0,0,0,0,0,0,0,0,0,0,0,0,0,0,0,0,0,0,0,0,0,0,0,0,0,0
71,Código 1302405  / Villa Hermosa,"EN ARRIENDO $1,350,000",Apartamento en Arriendo Villa Hermosa Medellin ,Villa Hermosa,Ceramica,1 + Baño de servicio,90 M2. aproximadamente,Medellin Zona 1 - Centro,1,Integral,0 (),,2 + Alcoba de servicio,3,90 M2.,0,0,1,0,0,0,0,0,1,0,0,0,0,1,0,0,0,1,0,1,1,0,0,0,0,0,0
72,Código 1302337  / 12 de Octubre,"EN ARRIENDO $750,000",Apartamento en Arriendo 12 de Octubre Medellin ,12 de Octubre,Ceramica,1,60 M2. aproximadamente,Medellin Zona 1 - Centro,1,Semi-Integral,0 (),,2,2,60 M2.,0,0,1,0,0,0,0,0,0,0,0,0,0,1,0,0,0,0,0,0,0,0,0,0,0,0,0
73,Código 1302044  / Boston,"EN ARRIENDO $2,000,000",Apartamento en Arriendo Boston Medellin ,Boston,Ceramica,2,52 M2. aproximadamente,Medellin Zona 1 - Centro,7,Integral,0 (),,2,4,52 M2.,0,1,1,0,0,1,0,0,0,1,0,0,0,1,0,1,0,1,0,0,0,0,0,0,1,0,0
74,Código 1301885  / Manrique,"EN ARRIENDO $900,000",Apartamento en Arriendo Manrique Medellin ,Manrique,PorcelanatoBaldosa de gres en la terraza,"1
                                    cabinado con agua caliente",80 M2. aproximadamente,Medellin Zona 1 - Centro,1,Integralgas natural,0 (),,"2
                                    iluminadas",3,80 M2.,0,1,0,0,0,0,0,0,1,0,0,0,0,1,0,0,0,1,1,0,0,0,0,0,0,0,0
75,Código 1301866  / 12 de Octubre,"EN ARRIENDO $900,000",Apartamento en Arriendo 12 de Octubre Medellin ,12 de Octubre,Ceramica,1,60 M2. aproximadamente,Medellin Zona 1 - Centro,1,Semi-Integral,0 (),,3,2,60 M2.,0,1,1,0,0,0,0,0,1,0,0,0,0,1,0,0,0,0,0,0,0,0,0,0,0,0,0
76,Código 1299568  / Buenos Aires,"EN ARRIENDO $1,500,000",Apartamento en Arriendo Buenos Aires Medellin ,Buenos Aires,Ceramica,2,37 M2. aproximadamente,Medellin Zona 1 - Centro,2,Sencilla,0 (),,2,3,37 M2.,0,0,1,0,0,0,0,0,0,0,0,0,0,1,0,0,0,0,0,0,0,0,0,0,0,0,0
77,Código 1299240  / Manrique,"EN ARRIENDO $700,000",Apartamento en Arriendo Manrique Medellin ,Manrique,Ceramica,1,42 M2. aproximadamente,Medellin Zona 1 - Centro,1,Semi-Integral,0 (),,2,3,42 M2.,0,0,1,0,0,0,0,0,0,0,0,0,0,1,0,0,0,0,0,0,0,0,0,0,0,0,0
78,Código 1299218  / Prado,"EN ARRIENDO $2,500,000",Apartamento en Arriendo Prado Medellin ,Prado,Ceramica,"1
                                    cabinado",55 M2. aproximadamente,Medellin Zona 1 - Centro,2,Integral,0 (),"Arriendo apartamento en Prado Centro de 55 metros aprox, primer piso, servicios de Epm Incluidos, espacios amplios con buena ventilación, estrato 4, cercano a la estación hospital, buenas rutas de acceso y facilidad de transporte publico, zonas de comercio y supermercados. Mas información en Arrendamientos Adecol Tel: 560 3000 Cel: 322 560 3000","2
                                    1 closet",4,55 M2.,0,0,1,0,0,0,0,0,0,0,0,0,0,1,0,0,0,0,0,0,0,0,0,0,0,0,0
79,Código 1299157  / Manrique,"EN ARRIENDO $650,000",Apartamento en Arriendo Manrique Medellin ,Manrique,Ceramica,1,40 M2. aproximadamente,Medellin Zona 1 - Centro,1,Sencilla,0 (),,1,3,40 M2.,0,0,1,0,0,0,0,0,0,0,0,0,0,1,0,0,0,0,0,0,0,0,0,0,0,0,0
80,Código 1299149  / Manrique,"EN ARRIENDO $900,000",Apartamento en Arriendo Manrique Medellin ,Manrique,Baldosa comun,1,60 M2. aproximadamente,Medellin Zona 1 - Centro,1,Sencilla,0 (),,2,3,60 M2.,0,1,1,0,0,0,0,0,0,0,0,0,0,0,0,0,0,0,0,1,0,0,0,0,0,0,0
81,Código 1298986  / Buenos Aires,"EN ARRIENDO $1,300,000",Apartamento en Arriendo Buenos Aires Medellin ,Buenos Aires,Ceramica,"1
                                    Cabinado en vidrio",50 M2. aproximadamente,Medellin Zona 1 - Centro,1,Semi-IntegralCon red de gas,0 (),,"2
                                    Con closet",3,50 M2.,0,0,1,0,0,0,0,0,0,0,0,0,0,1,0,0,0,0,0,0,0,0,0,0,0,0,0
82,Código 1298831  / Prado,"EN ARRIENDO $1,550,000",Apartamento en Arriendo Prado Medellin ,Prado,CeramicaY BALDOSA,2,180 M2. aproximadamente,Medellin Zona 1 - Centro,1,Semi-Integral,0 (),,5,3,180 M2.,0,1,0,0,0,0,0,0,1,0,0,0,0,1,0,0,0,0,0,1,0,0,0,0,0,0,0
83,Código 1298714  / Centro,"EN ARRIENDO $3,000,000",Apartamento en Arriendo Centro Medellin ,Centro,Ceramica,4,300 M2. aproximadamente,Medellin Zona 1 - Centro,1,Integral,0 (),,5,0,300 M2.,0,0,1,0,0,1,0,0,1,1,0,0,0,1,0,0,0,1,0,1,1,0,0,0,0,0,0
84,Código 1298384  / El Salvador,"EN ARRIENDO $1,400,000",Apartamento en Arriendo El Salvador Medellin ,El Salvador,Ceramica,"2
                                    Cabinados",80 M2. aproximadamente,Medellin Zona 1 - Centro,1,Integral,0 (),,"3
                                    Closet",3,80 M2.,0,0,1,0,0,0,0,0,1,0,0,0,0,1,0,0,0,0,0,0,0,0,0,0,0,0,0
85,Código 1298339  / Manrique,"EN ARRIENDO $700,000",Apartamento en Arriendo Manrique Medellin ,Manrique,CeramicaY BALDOSA,1,55 M2. aproximadamente,Medellin Zona 1 - Centro,1,Sencilla,0 (),,2,3,55 M2.,0,0,1,0,0,0,0,0,0,0,0,0,0,1,0,0,0,0,0,0,0,0,0,0,0,0,0
86,Código 1297772  / Prado,"EN ARRIENDO $1,100,000",Apartamento en Arriendo Prado Medellin ,Prado,Retal de marmol,1,57 M2. aproximadamente,Medellin Zona 1 - Centro,1,Integral,0 (),,2,4,57 M2.,0,0,1,0,0,0,0,0,1,0,0,0,0,1,0,0,0,1,0,1,0,0,0,0,0,0,0
87,Código 1297755  / Manrique,"EN ARRIENDO $1,200,000",Apartamento en Arriendo Manrique Medellin ,Manrique,Ceramica,1,55 M2. aproximadamente,Medellin Zona 1 - Centro,1,Sencilla,0 (),,1,3,55 M2.,0,0,1,0,0,0,0,0,0,0,0,0,0,1,0,0,0,0,0,1,0,0,0,0,0,0,0
88,Código 1297686  / Villa Hermosa,"EN ARRIENDO $1,500,000",Apartamento en Arriendo Villa Hermosa Medellin ,Villa Hermosa,Ceramica,3,110 M2. aproximadamente,Medellin Zona 1 - Centro,1,Sencilla,0 (),,3,3,110 M2.,0,0,1,0,0,0,0,0,0,0,0,0,0,1,0,0,0,0,0,1,0,0,0,0,0,0,0
89,Código 1297649  / Manrique,"EN ARRIENDO $850,000",Apartamento en Arriendo Manrique Medellin ,Manrique,Ceramica,1,78 M2. aproximadamente,Medellin Zona 1 - Centro,1,Sencilla,0 (),,2,3,78 M2.,0,0,1,0,0,0,0,0,1,0,0,0,0,1,0,0,0,0,0,0,0,0,0,0,0,0,0
90,Código 1297632  / Campo Valdes,"EN ARRIENDO $900,000",Apartamento en Arriendo Campo Valdes Medellin ,Campo Valdes,Ceramica,1,25 M2. aproximadamente,Medellin Zona 1 - Centro,1,Integral,0 (),,1,3,25 M2.,0,0,1,0,0,0,0,0,0,0,0,0,0,0,0,0,1,0,0,0,0,0,0,0,0,0,0
91,Código 1297564  / Manrique,"EN ARRIENDO $500,000",Apartamento en Arriendo Manrique Medellin ,Manrique,Ceramica,1,25 M2. aproximadamente,Medellin Zona 1 - Centro,1,Sencilla,0 (),,1,2,25 M2.,0,0,1,0,0,0,0,0,0,0,0,0,0,0,0,0,0,0,0,0,0,0,0,0,0,0,0
92,Código 1297529  / Manrique,"EN ARRIENDO $1,100,000",Apartamento en Arriendo Manrique Medellin ,Manrique,Ceramica,1,55 M2. aproximadamente,Medellin Zona 1 - Centro,1,Sencilla,0 (),,2,3,55 M2.,0,1,1,0,0,0,0,0,0,0,0,0,0,1,0,0,0,0,0,0,0,0,0,0,0,0,0
93,Código 1297407  / Buenos Aires,"EN ARRIENDO $1,500,000",Apartamento en Arriendo Buenos Aires Medellin ,Buenos Aires,Ceramica,2,50 M2. aproximadamente,Medellin Zona 1 - Centro,1,Integral,0 (),,3,3,50 M2.,0,0,1,0,0,0,0,0,0,1,0,0,0,1,0,0,0,1,0,1,0,0,0,0,0,0,0
94,Código 1297149  / Manrique,"EN ARRIENDO $1,150,000",Apartamento en Arriendo Manrique Medellin ,Manrique,Ceramica,1,60 M2. aproximadamente,Medellin Zona 1 - Centro,1,Integral,0 (),,3,3,60 M2.,0,0,1,0,0,0,0,0,0,0,0,0,0,1,0,0,0,0,1,0,0,0,0,0,0,0,0
95,Código 1297073  / Buenos Aires,"EN ARRIENDO $1,300,000",Apartamento en Arriendo Buenos Aires Medellin ,Buenos Aires,Ceramica,1,40 M2. aproximadamente,Medellin Zona 1 - Centro,1,Integral,0 (COMUN),,2,3,40 M2.,1,0,1,0,0,1,0,1,0,1,0,0,0,1,0,1,0,0,0,1,0,1,0,0,1,0,0
96,Código 1297069  / Aranjuez,"EN ARRIENDO $900,000",Apartamento en Arriendo Aranjuez Medellin ,Aranjuez,Ceramica,1,45 M2. aproximadamente,Medellin Zona 1 - Centro,1,Integral,0 (),,2,3,45 M2.,0,0,1,0,0,0,0,0,0,0,0,0,0,1,0,0,0,0,0,0,0,0,0,0,0,0,0
97,Código 1296641  / La Candelaria,"EN ARRIENDO $4,000,000",Apartamento en Arriendo La Candelaria Medellin ,La Candelaria,Ceramica,2,64 M2. aproximadamente,Medellin Zona 1 - Centro,1,Integral,1 (),,2,4,64 M2.,0,1,1,0,0,1,0,1,0,1,0,0,1,1,0,1,0,1,0,1,0,1,1,0,0,0,0
98,Código 1296340  / Manrique,"EN ARRIENDO $1,200,000",Apartamento en Arriendo Manrique Medellin ,Manrique,Baldosa comun,1,100 M2. aproximadamente,Medellin Zona 1 - Centro,2,Sencilla,0 (),,3,3,100 M2.,0,1,1,0,0,0,0,0,0,0,0,0,0,1,0,0,1,0,0,1,0,0,0,0,0,0,0
99,Código 1295835  / Alfonso Lopez,"EN ARRIENDO $900,000",Apartamento en Arriendo Alfonso Lopez Medellin ,Alfonso Lopez,Ceramica,1,60 M2. aproximadamente,Medellin Zona 1 - Centro,1,Sencilla,0 (),,2,3,60 M2.,0,1,1,0,0,0,0,0,1,0,0,0,0,1,0,0,0,1,0,0,0,0,0,0,0,0,0
100,Código 1295822  / Aranjuez,"EN ARRIENDO $950,000",Apartamento en Arriendo Aranjuez Medellin ,Aranjuez,Ceramica,1,65 M2. aproximadamente,Medellin Zona 1 - Centro,1,Semi-Integral,0 (),SON 3 ALCOBAS 2 AMPLIAS Y UNA PEQUEÑA,3,2,65 M2.,0,0,1,0,0,0,0,0,1,0,0,0,0,0,0,0,0,0,0,0,0,0,0,0,0,0,0
101,Código 1295743  / Manrique,"EN ARRIENDO $800,000",Apartamento en Arriendo Manrique Medellin ,Manrique,Ceramica,1,70 M2. aproximadamente,Medellin Zona 1 - Centro,1,Integral,0 (),,3,2,70 M2.,0,1,1,0,0,0,0,0,0,0,0,0,0,1,0,0,0,1,0,1,0,0,0,0,0,0,0
102,Código 1295697  / Buenos Aires,"EN ARRIENDO $1,000,000",Apartamento en Arriendo Buenos Aires Medellin ,Buenos Aires,Ceramica,2,55 M2. aproximadamente,Medellin Zona 1 - Centro,1,Sencilla,0 (),,3,2,55 M2.,0,0,0,0,0,0,0,0,1,0,0,0,0,1,0,0,0,0,0,0,0,0,0,0,0,0,0
103,Código 1295582  / La Candelaria,"EN ARRIENDO $1,450,000",Apartamento en Arriendo La Candelaria Medellin ,La Candelaria,Ceramica,2,55 M2. aproximadamente,Medellin Zona 1 - Centro,1,Integral,0 (),,2,4,55 M2.,0,0,1,0,0,1,0,0,0,1,0,0,0,1,0,1,0,0,0,0,0,0,0,0,0,0,0
104,Código 1295565  / Campo Valdes,"EN ARRIENDO $1,400,000",Apartamento en Arriendo Campo Valdes Medellin ,Campo Valdes,Ceramica,"2
                                    cabinados",130 M2. aproximadamente,Medellin Zona 1 - Centro,2,Integral,0 (),,3,2,130 M2.,0,0,1,0,0,0,0,0,1,0,0,0,0,1,0,0,0,1,0,0,0,0,0,0,0,0,0
105,Código 1295375  / La Milagrosa,"EN ARRIENDO $1,250,000",Apartamento en Arriendo La Milagrosa Medellin ,La Milagrosa,Ceramica,1,70 M2. aproximadamente,Medellin Zona 1 - Centro,5,Integral,0 (),,2,3,70 M2.,0,0,1,0,0,0,0,0,0,0,0,0,0,1,0,0,0,0,0,0,0,0,0,0,0,0,0
106,Código 1295226  / Aranjuez,"EN ARRIENDO $853,000",Apartamento en Arriendo Aranjuez Medellin ,Aranjuez,Ceramica,1,40 M2. aproximadamente,Medellin Zona 1 - Centro,1,Integral,0 (),,2,3,40 M2.,0,0,1,0,0,0,0,0,1,0,0,0,0,1,0,0,0,0,0,0,0,0,0,0,0,0,0
107,Código 1294990  / Boston,"EN ARRIENDO $800,000",Apartamento en Arriendo Boston Medellin ,Boston,Ceramica,1,25 M2. aproximadamente,Medellin Zona 1 - Centro,1,Semi-Integral,0 (),,1,3,25 M2.,0,0,0,0,0,0,0,0,0,0,0,0,0,0,0,0,0,0,0,0,0,0,0,0,0,0,0
108,Código 1294894  / Campo Valdes,"EN ARRIENDO $800,000",Apartamento en Arriendo Campo Valdes Medellin ,Campo Valdes,Ceramica,1,25 M2. aproximadamente,Medellin Zona 1 - Centro,1,Integral,0 (),Citófono con pantalla,1,3,25 M2.,0,0,1,0,0,0,0,0,1,0,0,0,0,1,0,0,0,0,0,1,0,0,0,0,0,0,0
109,Código 1294683  / Aranjuez,"EN ARRIENDO $880,000",Apartamento en Arriendo Aranjuez Medellin ,Aranjuez,Ceramica,1,50 M2. aproximadamente,Medellin Zona 1 - Centro,1,Semi-Integral,0 (),,2,3,50 M2.,0,1,1,0,0,0,0,0,0,0,0,0,0,1,0,0,0,0,0,1,0,0,0,0,0,0,0
110,Código 1294649  / Buenos Aires,"EN ARRIENDO $750,000",Apartamento en Arriendo Buenos Aires Medellin ,Buenos Aires,Baldosa comun,1,35 M2. aproximadamente,Medellin Zona 1 - Centro,2,Sencilla,0 (),,2,3,35 M2.,0,0,0,0,0,0,0,0,0,0,0,0,0,0,0,0,0,0,0,0,0,0,0,0,0,0,0
111,Código 1294645  / Campo Valdes,"EN ARRIENDO $800,000",Apartamento en Arriendo Campo Valdes Medellin ,Campo Valdes,Ceramica,1,60 M2. aproximadamente,Medellin Zona 1 - Centro,1,Sencilla,0 (),,3,3,60 M2.,0,0,1,0,0,0,0,0,0,0,0,0,0,0,0,0,0,0,0,0,0,0,0,0,0,0,0
112,Código 1294626  / Manrique,"EN ARRIENDO $650,000",Apartamento en Arriendo Manrique Medellin ,Manrique,Ceramica,1,60 M2. aproximadamente,Medellin Zona 1 - Centro,1,Semi-Integral,0 (),,3,3,60 M2.,0,0,1,0,0,0,0,0,0,0,0,0,0,1,0,0,0,0,0,1,0,0,0,0,0,0,0
113,Código 1294616  / Girardot,"EN ARRIENDO $850,000",Apartamento en Arriendo Girardot Medellin ,Girardot,Ceramica,1,50 M2. aproximadamente,Medellin Zona 1 - Centro,1,Integral,0 (),,1,3,50 M2.,0,0,1,0,0,0,0,0,0,0,0,0,0,1,0,0,0,0,0,1,0,0,0,0,0,0,0
114,Código 1294489  / El Salvador,"EN ARRIENDO $1,200,000",Apartamento en Arriendo El Salvador Medellin ,El Salvador,Ceramica,1,62 M2. aproximadamente,Medellin Zona 1 - Centro,1,Semi-Integral,0 (),,1,3,62 M2.,0,1,1,0,0,0,0,0,0,0,0,0,0,1,0,0,0,1,0,0,0,0,0,0,0,0,0
115,Código 1294485  / El Salvador,"EN ARRIENDO $1,200,000",Apartamento en Arriendo El Salvador Medellin ,El Salvador,Ceramica,1,62 M2. aproximadamente,Medellin Zona 1 - Centro,1,Semi-Integral,0 (),,1,3,62 M2.,0,0,1,0,0,0,0,0,0,0,0,0,0,1,0,0,0,1,0,0,0,0,0,0,0,0,0
116,Código 1294467  / El Salvador,"EN ARRIENDO $1,200,000",Apartamento en Arriendo El Salvador Medellin ,El Salvador,Ceramica,1,62 M2. aproximadamente,Medellin Zona 1 - Centro,1,Semi-Integral,0 (),,1,3,62 M2.,0,0,1,0,0,0,0,0,1,0,0,0,0,1,0,0,0,1,0,0,0,0,0,0,0,0,0
117,Código 1294444  / El Salvador,"EN ARRIENDO $1,200,000",Apartamento en Arriendo El Salvador Medellin ,El Salvador,Ceramica,1,62 M2. aproximadamente,Medellin Zona 1 - Centro,1,Semi-Integral,0 (),,2,3,62 M2.,0,1,1,0,0,0,0,0,0,0,0,0,0,1,0,0,0,1,0,0,0,0,0,0,0,0,0
118,Código 1294370  / Andalucia,"EN ARRIENDO $800,000",Apartamento en Arriendo Andalucia Medellin ,Andalucia,Ceramica,2,65 M2. aproximadamente,Medellin Zona 1 - Centro,1,Integral,1 (),,3,3,65 M2.,0,0,1,0,0,0,0,0,0,0,0,0,0,1,0,0,0,0,0,0,0,0,0,0,0,0,0
119,Código 1294234  / Villa Hermosa,"EN ARRIENDO $1,200,000",Apartamento en Arriendo Villa Hermosa Medellin ,Villa Hermosa,Ceramica,1,80 M2. aproximadamente,Medellin Zona 1 - Centro,1,Semi-Integral,0 (),,2,3,80 M2.,0,0,1,0,0,0,0,0,0,0,0,0,0,1,0,0,0,0,0,1,0,0,0,0,0,0,0
120,Código 1294176  / Villa Hermosa,"EN ARRIENDO $1,430,000",Apartamento en Arriendo Villa Hermosa Medellin ,Villa Hermosa,Ceramica,1,77 M2. aproximadamente,Medellin Zona 1 - Centro,1,Integral,0 (),,3,3,77 M2.,0,0,1,0,0,0,0,0,0,0,0,0,0,1,0,0,0,0,0,1,0,0,0,0,0,0,0
121,Código 1293931  / Buenos Aires,"EN ARRIENDO $1,100,000",Apartamento en Arriendo Buenos Aires Medellin ,Buenos Aires,Ceramica,1,55 M2. aproximadamente,Medellin Zona 1 - Centro,1,Integral,0 (),,3,3,55 M2.,0,0,1,0,0,0,0,0,0,0,0,0,0,1,0,0,1,1,0,0,0,0,0,0,0,0,0
122,Código 1293875  / Aranjuez,"EN ARRIENDO $1,100,000",Apartamento en Arriendo Aranjuez Medellin ,Aranjuez,Ceramica,1,40 M2. aproximadamente,Medellin Zona 1 - Centro,1,Integral,0 (),,1,3,40 M2.,0,0,1,0,0,0,0,0,1,0,0,0,0,1,0,0,0,1,1,0,0,0,0,0,0,0,0
123,Código 1293843  / Ciudadela Villa del Bosque,"EN ARRIENDO $1,200,000",Apartamento en Arriendo Ciudadela Villa del Bosque Medellin ,Ciudadela Villa del Bosque,Ceramica,2,53 M2. aproximadamente,Medellin Zona 1 - Centro,1,Integral,1 (),,3,3,53 M2.,1,1,1,0,1,1,1,1,0,1,1,0,0,1,0,1,0,1,0,1,0,1,0,1,1,0,0
124,Código 1293818  / Encizo,"EN ARRIENDO $1,000,000",Apartamento en Arriendo Encizo Medellin ,Encizo,Ceramica,1,80 M2. aproximadamente,Medellin Zona 1 - Centro,1,Integral,0 (),,3,3,80 M2.,0,1,1,0,0,0,0,0,0,0,0,0,0,1,0,0,0,0,0,0,0,0,0,0,0,0,0
125,Código 1293602  / Campo Valdes,"EN ARRIENDO $1,000,000",Apartamento en Arriendo Campo Valdes Medellin ,Campo Valdes,Baldosa comun,1,70 M2. aproximadamente,Medellin Zona 1 - Centro,1,Integral,0 (),,3,3,70 M2.,0,1,1,0,0,0,0,0,0,0,0,0,0,1,0,0,0,1,0,1,0,0,0,0,0,0,0
126,Código 1293404  / El Salvador,"EN ARRIENDO $750,000",Apartamento en Arriendo El Salvador Medellin ,El Salvador,Ceramica,1,35 M2. aproximadamente,Medellin Zona 1 - Centro,1,Semi-Integral,0 (),,1,3,35 M2.,0,0,1,0,0,0,0,0,0,0,0,0,0,0,0,0,0,0,0,0,0,0,0,0,0,0,0
127,Código 1293402  / Villa Hermosa,"EN ARRIENDO $1,650,000",Apartamento en Arriendo Villa Hermosa Medellin ,Villa Hermosa,Ceramica,1,65 M2. aproximadamente,Medellin Zona 1 - Centro,1,Integralred de gas,1 (041),Agua Caliente (Ducha Electrica),3,3,65 M2.,1,1,1,0,0,1,0,0,0,1,0,0,0,1,0,1,0,0,0,0,0,0,0,1,1,0,0
128,Código 1293294  / Buenos Aires,"EN ARRIENDO $1,100,000",Apartamento en Arriendo Buenos Aires Medellin ,Buenos Aires,Ceramica,1,40 M2. aproximadamente,Medellin Zona 1 - Centro,1,Integral,0 (PARQUEADERO COMÙN),,2,3,40 M2.,1,0,1,0,0,1,0,0,0,1,1,0,0,0,0,1,0,0,0,0,0,0,0,0,0,0,0
129,Código 1292533  / Manrique,"EN ARRIENDO $700,000",Apartamento en Arriendo Manrique Medellin ,Manrique,Otros,1,40 M2. aproximadamente,Medellin Zona 1 - Centro,1,Sencilla,0 (),,1,3,40 M2.,0,0,1,0,0,0,0,0,0,0,0,0,0,0,0,0,1,0,0,0,0,0,0,0,0,0,0
130,Código 1292429  / Aranjuez,"EN ARRIENDO $1,150,000",Apartamento en Arriendo Aranjuez Medellin ,Aranjuez,Ceramica,1,60 M2. aproximadamente,Medellin Zona 1 - Centro,1,Integral,0 (),,2,3,60 M2.,0,0,1,0,0,0,0,0,0,0,0,0,0,1,0,0,0,0,0,0,0,0,0,0,0,0,0
131,Código 1291566  / Boston,"EN ARRIENDO $1,700,000",Apartamento en Arriendo Boston Medellin ,Boston,Ceramica,2,94 M2. aproximadamente,Medellin Zona 1 - Centro,1,Integral,0 (),,4,4,94 M2.,0,0,0,0,0,0,0,0,1,0,0,0,0,1,0,0,0,0,0,0,0,0,0,0,0,0,0
132,Código 1291563  / Popular,"EN ARRIENDO $580,000",Apartamento en Arriendo Popular Medellin ,Popular,Ceramica,1,28 M2. aproximadamente,Medellin Zona 1 - Centro,1,SencillaGAS PROPANO,0 (),,1,2,28 M2.,0,0,0,0,0,0,0,0,0,0,0,0,0,0,0,0,0,0,0,0,0,0,0,0,0,0,0
133,Código 1291352  / Encizo,"EN ARRIENDO $950,000",Apartamento en Arriendo Encizo Medellin ,Encizo,Ceramica,1,50 M2. aproximadamente,Medellin Zona 1 - Centro,1,Sencilla,0 (),,2,3,50 M2.,0,1,1,0,0,0,0,0,0,0,0,0,0,1,0,0,0,0,0,0,0,0,0,0,0,0,0
134,Código 1291294  / Centro,"EN ARRIENDO $3,000,000",Apartamento en Arriendo Centro Medellin ,Centro,Ceramica,4,300 M2. aproximadamente,Medellin Zona 1 - Centro,1,Integral,0 (),,5,4,300 M2.,0,0,1,0,0,1,0,0,1,0,0,0,0,1,1,0,1,1,0,1,1,0,0,0,1,0,0
135,Código 1291125  / Buenos Aires,"EN ARRIENDO $2,300,000",Apartamento en Arriendo Buenos Aires Medellin ,Buenos Aires,Ceramica,2,120 M2. aproximadamente,Medellin Zona 1 - Centro,1,Integral,0 (),,3,3,120 M2.,0,0,1,0,0,0,0,0,1,0,0,0,0,1,0,0,0,1,0,0,0,0,0,0,0,0,0
136,Código 1290871  / Ciudadela Villa del Bosque,"EN ARRIENDO $1,200,000",Apartamento en Arriendo Ciudadela Villa del Bosque San Antonio de prado ,Ciudadela Villa del Bosque,Ceramica,2,53 M2. aproximadamente,Medellin Zona 1 - Centro,1,Integral,1 (),,3,3,53 M2.,1,1,1,0,0,1,0,1,0,1,1,0,0,1,0,1,0,1,0,1,0,1,0,1,1,0,0
137,Código 1290633  / Villanueva,"EN ARRIENDO $1,300,000",Apartamento en Arriendo Villanueva Medellin ,Villanueva,Ceramica,2,70 M2. aproximadamente,Medellin Zona 1 - Centro,1,Integral,0 (),,2,4,70 M2.,0,0,0,0,0,0,0,0,0,1,0,0,0,0,0,1,0,0,0,0,0,0,0,0,0,0,0
138,Código 1290552  / La Milagrosa,"EN ARRIENDO $570,000",Apartamento en Arriendo La Milagrosa Medellin ,La Milagrosa,Baldosa comun,1,39 M2. aproximadamente,Medellin Zona 1 - Centro,1,Sencilla,0 (),,1,3,39 M2.,0,0,1,0,0,0,0,0,0,0,0,0,0,1,0,0,0,0,0,0,0,0,0,0,0,0,0
139,Código 1290521  / Aranjuez,"EN ARRIENDO $930,000",Apartamento en Arriendo Aranjuez Medellin ,Aranjuez,Ceramica,1,45 M2. aproximadamente,Medellin Zona 1 - Centro,1,Integral,0 (moto),,2,2,45 M2.,0,0,1,0,0,0,0,0,0,0,0,0,0,1,0,0,0,1,0,0,0,0,0,0,0,0,0
140,Código 1290217  / Boston,"EN ARRIENDO $150,000",Apartamento en Arriendo Boston Medellin ,Boston,Ceramica,1,42 M2. aproximadamente,Medellin Zona 1 - Centro,7,Integral,0 (),,2,4,42 M2.,0,0,0,0,0,1,0,0,0,0,0,0,0,1,0,0,0,0,0,0,0,0,0,0,0,0,0
141,Código 1290133  / Santander,"EN ARRIENDO $750,000",Apartamento en Arriendo Santander Medellin ,Santander,Ceramica,1,25 M2. aproximadamente,Medellin Zona 1 - Centro,1,Sencilla,0 (),,1,2,25 M2.,0,0,1,0,0,0,0,0,0,0,0,0,0,0,0,0,0,0,0,0,0,0,0,0,0,0,0
142,Código 1290074  / Boston,"EN ARRIENDO $1,500,000",Apartamento en Arriendo Boston Medellin ,Boston,Ceramica,1,42 M2. aproximadamente,Medellin Zona 1 - Centro,7,Integral,0 (),,2,4,42 M2.,0,0,0,0,0,1,0,0,0,0,0,0,0,1,0,0,0,0,0,0,0,0,0,0,0,0,0
143,Código 1271155  / La Milagrosa,"EN ARRIENDO $1,100,000",Apartamento en Arriendo La Milagrosa Medellin ,La Milagrosa,Ceramica,1,50 M2. aproximadamente,Medellin Zona 1 - Centro,1,Integral,0 (),,3,3,50 M2.,0,0,1,0,0,0,0,0,0,0,0,0,0,1,0,0,1,0,0,1,0,0,0,0,0,0,0
144,Código 1288943  / Villa Hermosa,"EN ARRIENDO $1,450,000",Apartamento en Arriendo Villa Hermosa Medellin ,Villa Hermosa,Ceramica,2,55 M2. aproximadamente,Medellin Zona 1 - Centro,13,Integral,1 (),,2 + Alcoba de servicio,3,55 M2.,0,1,1,0,0,1,0,0,0,1,0,0,0,1,0,1,0,1,0,0,0,0,0,0,0,0,0
145,Código 1288802  / Prado,"EN ARRIENDO $5,000,000",Apartamento en Arriendo Prado Medellin ,Prado,Ceramica,2 + Baño de servicio,540 M2. aproximadamente,Medellin Zona 1 - Centro,1,IntegralCON RED DE GAS,1 (),,5 + Alcoba de servicio,1,200 M2.,0,1,1,0,0,0,0,0,1,0,0,0,0,1,0,0,0,0,0,0,0,0,0,0,0,0,0
146,Código 1288683  / Villa Hermosa,"EN ARRIENDO $1,200,000",Apartamento en Arriendo Villa Hermosa Medellin ,Villa Hermosa,Ceramica,2,65 M2. aproximadamente,Medellin Zona 1 - Centro,1,Semi-Integral,0 (),,2,3,65 M2.,0,0,1,0,0,0,0,0,1,0,0,0,0,1,0,0,0,0,0,0,0,0,0,0,0,0,0
147,Código 1288180  / La Milagrosa,"EN ARRIENDO $850,000",Apartamento en Arriendo La Milagrosa Medellin ,La Milagrosa,Ceramica,1,37 M2. aproximadamente,Medellin Zona 1 - Centro,1,Sencilla,0 (),,1,3,37 M2.,0,0,0,0,0,0,0,0,0,0,0,0,0,1,0,0,0,0,0,1,0,0,0,0,0,0,0
148,Código 1288169  / La Candelaria,"EN ARRIENDO $62,500,000",Apartamento en Arriendo La Candelaria Medellin ,La Candelaria,Ceramica,10,25000 M2. aproximadamente,Medellin Zona 1 - Centro,1,Sencilla,0 (),,1,5,"25,000 M2.",0,1,0,0,0,1,0,0,1,1,0,1,0,0,0,0,0,0,1,0,0,0,0,0,0,0,0
149,Código 1288025  / Manrique,"EN ARRIENDO $1,200,000",Apartamento en Arriendo Manrique Medellin ,Manrique,Ceramica,2,70 M2. aproximadamente,Medellin Zona 1 - Centro,1,Integral,0 (),,3,3,70 M2.,0,0,1,0,0,0,0,0,0,0,0,0,0,1,0,0,0,0,0,0,0,0,0,0,0,0,0
150,Código 1287925  / El Salvador,"EN ARRIENDO $1,100,000",Apartamento en Arriendo El Salvador Medellin ,El Salvador,Ceramica,1,45 M2. aproximadamente,Medellin Zona 1 - Centro,1,Integral,0 (),,2,3,45 M2.,1,1,1,0,1,0,0,0,0,0,0,0,0,1,0,1,0,0,0,1,0,0,0,0,1,0,0
151,Código 1287631  / Manrique,"EN ARRIENDO $700,000",Apartamento en Arriendo Manrique Medellin ,Manrique,Ceramica,1,40 M2. aproximadamente,Medellin Zona 1 - Centro,1,Integral,0 (),,1,3,40 M2.,0,0,1,0,0,0,0,0,0,0,0,0,0,1,0,0,0,1,0,1,0,0,0,0,0,0,0
152,Código 1287308  / Centro,"EN ARRIENDO $3,600,000",Apartamento en Arriendo Centro Medellin ,Centro,Ceramica,2,280 M2. aproximadamente,Medellin Zona 1 - Centro,1,Integral,1 (sencillo),,5,4,280 M2.,0,0,1,0,0,1,0,0,1,0,0,0,0,1,1,0,0,1,0,1,0,0,0,0,0,0,0
153,Código 1285637  / Aranjuez,"EN ARRIENDO $600,000",Apartamento en Arriendo Aranjuez Medellin ,Aranjuez,Ceramica,1,25 M2. aproximadamente,Medellin Zona 1 - Centro,1,Integral,0 (),,1,3,25 M2.,0,0,0,0,0,0,0,0,0,0,0,0,0,0,0,0,0,0,0,0,0,0,0,0,0,0,0
154,Código 1285320  / Villa Hermosa,"EN ARRIENDO $650,000",Apartamento en Arriendo Villa Hermosa Medellin ,Villa Hermosa,Baldosa comun,1,20 M2. aproximadamente,Medellin Zona 1 - Centro,1,Sencilla,0 (),,1,3,20 M2.,0,0,0,0,0,0,0,0,0,0,0,0,0,1,0,0,0,0,0,0,0,0,0,0,0,0,0
155,Código 1283918  / Ayacucho,"EN ARRIENDO $1,200,000",Apartamento en Arriendo Ayacucho Medellin ,Ayacucho,Ceramica,0,25 M2. aproximadamente,Medellin Zona 1 - Centro,1,NO APLICA,0 (),,0,4,25 M2.,0,0,0,0,0,0,0,0,0,0,0,0,0,0,0,0,0,0,0,0,0,0,0,0,0,0,0
156,Código 1283243  / El Salvador,"EN ARRIENDO $480,000",Apartamento en Arriendo El Salvador Medellin ,El Salvador,Ceramica,1,30 M2. aproximadamente,Medellin Zona 1 - Centro,1,Sencilla,0 (),,1,3,30 M2.,0,0,0,0,0,0,0,0,0,0,0,0,0,0,0,0,0,0,0,0,0,0,0,0,0,0,0
157,Código 1283192  / Campo Valdes,"EN ARRIENDO $550,000",Apartamento en Arriendo Campo Valdes Medellin ,Campo Valdes,Baldosa comun,1,35 M2. aproximadamente,Medellin Zona 1 - Centro,1,Sencilla,0 (),,1,3,35 M2.,0,1,1,0,0,0,0,0,0,0,0,0,0,0,0,0,0,0,0,1,0,0,0,0,0,0,0
158,Código 1280751  / Prado,"EN ARRIENDO $1,900,000",Apartamento en Arriendo Prado Medellin ,Prado,Ceramica,3 + Baño de servicio,105 M2. aproximadamente,Medellin Zona 1 - Centro,1,Integral,1 + cuarto útil (),,3 + Alcoba de servicio,4,105 M2.,0,1,1,0,0,0,0,0,0,0,0,0,0,0,0,0,0,0,0,0,0,0,0,0,0,0,0
159,Código 1279498  / Centro,"EN ARRIENDO $2,800,000",Apartamento en Arriendo Centro Medellin ,Centro,Porcelanato,2,85 M2. aproximadamente,Medellin Zona 1 - Centro,1,Integral,1 + cuarto útil (),,3,4,85 M2.,1,1,1,0,1,1,0,1,0,1,1,0,1,0,1,1,1,0,0,0,0,1,1,1,1,0,0
160,Código 1279252  / Buenos Aires,"EN ARRIENDO $1,600,000",Apartamento en Arriendo Buenos Aires Medellin ,Buenos Aires,Baldosa comun,"1
                                    PISO EN BALDOSA",33 M2. aproximadamente,Medellin Zona 1 - Centro,2,Semi-Integral,0 (),,"1
                                    PISO EN TABLILLA",3,33 M2.,0,0,1,0,0,0,0,0,0,1,0,0,0,1,0,1,0,0,0,1,0,0,0,0,0,0,0
161,Código 1278773  / Centro,"EN ARRIENDO $880,000",Apartamento en Arriendo Centro Medellin ,Centro,Ceramica,1,30 M2. aproximadamente,Medellin Zona 1 - Centro,1,Sencilla,0 (),,1,4,30 M2.,0,0,0,0,0,0,0,0,0,0,0,0,0,1,0,0,0,0,0,0,0,0,0,0,0,0,0
162,Código 1278442  / Ciudadela villa del bosque,"EN ARRIENDO $1,200,000",Apartamento en Arriendo Ciudadela villa del bosque Medellin ,Ciudadela villa del bosque,Ceramica,2,52 M2. aproximadamente,Medellin Zona 1 - Centro,1,Integral,0 (),,3,3,52 M2.,0,1,1,0,1,1,0,1,0,1,1,0,0,1,0,1,0,0,0,0,0,1,0,1,0,0,0
163,Código 1275697  / Aranjuez,"EN ARRIENDO $950,000",Apartamento en Arriendo Aranjuez Medellin ,Aranjuez,Ceramica,1 + Baño de servicio,62 M2. aproximadamente,Medellin Zona 1 - Centro,1,Sencilla,0 (),,2,2,62 M2.,0,1,1,0,0,0,0,0,0,0,0,0,0,1,0,0,0,0,0,1,0,0,0,0,0,0,0
164,Código 1273106  / Manrique,"EN ARRIENDO $750,000",Apartamento en Arriendo Manrique Medellin ,Manrique,Ceramica,1,30 M2. aproximadamente,Medellin Zona 1 - Centro,1,Integralred de gas,0 (),,1,3,30 M2.,0,0,1,0,0,0,0,0,0,0,0,0,0,0,0,0,0,0,0,0,0,0,0,0,0,0,0
165,Código 1271887  / Prado,"EN ARRIENDO $8,000,000",Apartamento en Arriendo Prado Medellin ,Prado,Ceramica,"5
                                    3 CON DUCHA",400 M2. aproximadamente,Medellin Zona 1 - Centro,1,SencillaSIN RED DE GAS,0 (),,7,4,400 M2.,0,0,1,0,0,0,0,0,0,0,0,0,0,0,0,0,0,0,0,0,0,0,0,0,0,0,0
166,Código 1271289  / Ciudadela villa del bosque,"EN ARRIENDO $1,200,000",Apartamento en Arriendo Ciudadela villa del bosque Medellin ,Ciudadela villa del bosque,Ceramica,2,52 M2. aproximadamente,Medellin Zona 1 - Centro,1,Integral,1 (),,2,3,52 M2.,0,1,1,0,1,1,0,1,0,1,1,0,0,1,0,1,0,0,0,0,0,1,0,1,0,0,0
167,Código 1264077  / Boston,"EN ARRIENDO $1,600,000",Apartamento en Arriendo Boston Medellin ,Boston,Ceramica,2,70 M2. aproximadamente,Medellin Zona 1 - Centro,1,Integral,0 (),,3,0,70 M2.,0,0,1,0,0,1,0,0,0,0,0,0,0,1,0,1,1,0,0,0,0,0,0,0,0,0,0
168,Código 1270439  / Centro,"EN ARRIENDO $13,000,000",Apartamento en Arriendo Centro Medellin ,Centro,Ceramica,5,450 M2. aproximadamente,Medellin Zona 1 - Centro,1,Integral,2 (),,5,0,450 M2.,0,0,1,0,0,0,0,0,0,0,0,0,0,1,0,0,0,1,0,1,0,0,0,0,0,0,0
169,Código 1264689  / Parque Bolivar,"EN ARRIENDO $11,900,000",Apartamento en Arriendo Parque Bolivar Medellin ,Parque Bolivar,Ceramica,3,275 M2. aproximadamente,Medellin Zona 1 - Centro,1,Semi-Integral,1 (),,6,4,275 M2.,0,0,1,0,0,0,0,0,1,0,0,0,0,1,0,0,0,0,0,1,0,0,0,0,0,0,0
170,Código 1262055  / Buenos Aires,"EN ARRIENDO $1,000,000",Apartamento en Arriendo Buenos Aires Medellin ,Buenos Aires,Ceramica,1,45 M2. aproximadamente,Medellin Zona 1 - Centro,1,Integral,0 (),,2,3,45 M2.,0,0,1,0,0,1,0,0,0,0,1,0,0,1,0,1,0,1,0,1,0,0,0,0,1,0,0
171,Código 1259644  / Manrique,"EN ARRIENDO $950,000",Apartamento en Arriendo Manrique Medellin ,Manrique,Ceramica,1,45 M2. aproximadamente,Medellin Zona 1 - Centro,1,Semi-Integral,0 (),,2,3,45 M2.,0,0,1,0,0,0,0,0,0,0,0,0,0,1,0,0,1,0,0,0,0,0,0,0,0,0,0
172,Código 1258118  / Avenida Oriental,"EN ARRIENDO $1,000,000",Apartamento en Arriendo Avenida Oriental Medellin ,Avenida Oriental,Ceramica,2,48 M2. aproximadamente,Medellin Zona 1 - Centro,1,Integral,0 (),"Vendo Apartamento en el Centro de Medellín, de 48.21 metros, con porteria 24 horas, de dos alcobas, 2 baños. cerca a la Av Oriental, Centro comercial San Diego. Más Información Arrendamientos Adecol fijo: 560 3000 celular 322 560 3000","2
                                    1 closet",3,48 M2.,0,0,1,0,1,1,0,0,0,1,0,0,0,1,0,1,0,0,0,0,0,1,0,0,1,0,0
173,Código 1255282  / Buenos Aires,"EN ARRIENDO $830,000",Apartamento en Arriendo Buenos Aires Medellin ,Buenos Aires,Ceramica,1,35 M2. aproximadamente,Medellin Zona 1 - Centro,1,Sencilla,0 (),,2,3,35 M2.,0,0,0,0,0,0,0,0,0,0,0,0,0,0,0,0,0,0,0,0,0,0,0,0,0,0,0
174,Código 1252098  / Prado,"EN ARRIENDO $2,600,000",Apartamento en Arriendo Prado Medellin ,Prado,Ceramica,2,75 M2. aproximadamente,Medellin Zona 1 - Centro,1,Integral,0 (),,3,0,75 M2.,0,1,1,0,0,0,0,0,0,0,0,0,0,1,0,0,0,1,0,0,0,0,0,0,0,0,0
175,Código 1248659  / Prado,"EN ARRIENDO $3,000,000",Apartamento en Arriendo Prado Medellin ,Prado,Ceramica,2,70 M2. aproximadamente,Medellin Zona 1 - Centro,1,Integral,0 (),,3,3,70 M2.,0,1,0,0,0,0,0,0,0,1,0,0,0,0,0,0,0,1,0,0,0,0,0,0,0,0,0
176,Código 1248207  / Prado,"EN ARRIENDO $2,500,000",Apartamento en Arriendo Prado Medellin ,Prado,Ceramica,1,75 M2. aproximadamente,Medellin Zona 1 - Centro,1,Integral,0 (),,3,3,75 M2.,0,1,0,0,0,0,0,0,0,1,0,0,0,1,0,0,0,1,0,1,1,0,0,0,0,0,0
177,Código 1244169  / Centro,"EN ARRIENDO $1,100,000",Apartamento en Arriendo Centro Medellin ,Centro,Ceramica,1,45 M2. aproximadamente,Medellin Zona 1 - Centro,1,,0 (),,0,3,45 M2.,0,0,0,0,0,1,0,0,0,0,0,0,0,0,0,1,0,0,0,0,0,0,0,0,0,0,0
178,Código 1243626  / Centro,"EN ARRIENDO $900,000",Apartamento en Arriendo Centro Medellin ,Centro,Ceramica,1,30 M2. aproximadamente,Medellin Zona 1 - Centro,1,Sencilla,0 (),,1,3,30 M2.,0,1,1,0,0,1,0,0,0,0,0,0,0,1,0,1,0,1,0,0,0,0,0,0,0,0,0
179,Código 1242702  / Centro,"EN ARRIENDO $950,000",Apartamento en Arriendo Centro Medellin ,Centro,Ceramica,1,55 M2. aproximadamente,Medellin Zona 1 - Centro,3,Integral,0 (),,1,3,55 M2.,0,1,1,0,0,0,0,0,0,0,0,0,0,1,0,0,0,1,0,1,0,0,0,0,0,0,0
180,Código 1241886  / Villa Hermosa,"EN ARRIENDO $950,000",Apartamento en Arriendo Villa Hermosa Medellin ,Villa Hermosa,Ceramica,1,50 M2. aproximadamente,Medellin Zona 1 - Centro,1,Semi-Integral,0 (),,2,3,50 M2.,0,0,1,0,0,0,0,0,0,0,0,0,0,1,0,0,0,0,0,0,0,0,0,0,0,0,0
181,Código 1240921  / Villa Hermosa,"EN ARRIENDO $950,000",Apartamento en Arriendo Villa Hermosa Medellin ,Villa Hermosa,Ceramica,1,50 M2. aproximadamente,Medellin Zona 1 - Centro,1,Semi-Integral,0 (),,2,3,50 M2.,0,0,0,0,0,0,0,0,0,0,0,0,0,1,0,0,0,0,0,0,0,0,0,0,0,0,0
182,Código 1240191  / Boston,"EN ARRIENDO $1,500,000",Apartamento en Arriendo Boston Medellin ,Boston,Ceramica,2,73 M2. aproximadamente,Medellin Zona 1 - Centro,2,Integral,1 (),,3,4,73 M2.,0,1,1,0,0,0,0,0,0,0,0,0,0,1,0,0,0,1,0,1,0,0,0,0,0,0,0
183,Código 1234620  / Centro,"EN ARRIENDO $900,000",Apartamento en Arriendo Centro Medellin ,Centro,Ceramica,1,30 M2. aproximadamente,Medellin Zona 1 - Centro,1,Integral,0 (),,1,3,30 M2.,0,0,0,0,0,1,0,0,0,0,0,0,0,0,0,1,0,0,0,1,0,0,0,0,0,0,0
184,Código 1232034  / Centro,"EN ARRIENDO $1,900,000",Apartamento en Arriendo Centro Medellin ,Centro,Ceramica,1,49 M2. aproximadamente,Medellin Zona 1 - Centro,1,Sencilla,1 (),,1,4,49 M2.,0,0,0,0,0,0,0,0,0,0,0,0,0,0,0,0,0,0,0,0,0,0,0,0,0,0,0
185,Código 1230588  / Centro,"EN ARRIENDO $850,000",Apartamento en Arriendo Centro Medellin ,Centro,Ceramica,1,35 M2. aproximadamente,Medellin Zona 1 - Centro,1,Semi-Integral,0 (),,1,3,35 M2.,0,1,1,0,0,1,0,0,0,0,0,0,0,1,0,1,0,1,0,1,0,0,0,0,0,0,0
186,Código 1229272  / Centro,"EN ARRIENDO $800,000",Apartamento en Arriendo Centro Medellin ,Centro,Ceramica,11,30 M2. aproximadamente,Medellin Zona 1 - Centro,1,Semi-Integral,0 (),,1,3,30 M2.,0,0,1,0,0,1,0,0,0,0,0,0,0,1,0,1,0,0,0,0,0,0,0,0,0,0,0
187,Código 1223220  / Buenos Aires,"EN ARRIENDO $1,100,000",APARTAMENTO EN ARRIENDO EN EL SECTOR DE BUENOS AIRES ,Buenos Aires,Porcelanato,2,52 M2. aproximadamente,Medellin Zona 1 - Centro,1,Semi-Integral,0 (),,3,3,52 M2.,0,0,1,0,0,0,0,0,0,0,0,0,0,1,0,0,0,0,0,0,0,0,0,0,0,0,0
188,Código 1221745  / Prado,"EN ARRIENDO $750,000",Apartamento en Arriendo Prado Medellin ,Prado,Ceramica,"1
                                    cabinado",40 M2. aproximadamente,Medellin Zona 1 - Centro,1,Integral,0 (),,"1
                                    1 closet",3,40 M2.,0,0,1,0,0,1,0,0,0,0,0,0,0,1,0,0,0,0,0,1,0,0,0,0,0,0,0
189,Código 1217481  / Las Brisas,"EN ARRIENDO $1,200,000",APARTAMENTO EN ARRIENDO SECTOR BOYACA LAS BRISAS ,Las Brisas,Ceramica,"1
                                    1 BAÑO CABINADO",70 M2. aproximadamente,Medellin Zona 1 - Centro,1,IntegralRED GAS,0 (),,2,0,70 M2.,0,0,0,0,0,0,0,0,1,0,0,0,0,0,0,0,0,0,0,0,0,0,0,0,0,0,0
190,Código 1215746  / Centro,"EN ARRIENDO $870,000",APARTAMENTO EN ARRIENDO UBICADO EN EL SECTOR DEL CENTRO,Centro,Ceramica,1,40 M2. aproximadamente,Medellin Zona 1 - Centro,1,Integral,0 (),,1,3,40 M2.,0,0,1,0,0,1,0,0,0,0,0,0,0,1,0,0,0,0,0,0,0,0,0,0,0,0,0
191,Código 1213836  / Villanueva,"EN ARRIENDO $950,000",Apartamento en Arriendo Villanueva Medellin ,Villanueva,Ceramica,2,53 M2. aproximadamente,Medellin Zona 1 - Centro,1,Integral,0 (),,3,4,53 M2.,1,1,1,0,0,1,0,0,0,0,1,0,0,1,0,0,0,0,0,1,0,0,0,1,1,0,0
192,Código 1208774  / 12 de Octubre,"EN ARRIENDO $950,000",AMPLIO APARTAMENTO EN EL BARRIO 12 DE OCTUBRE,12 de Octubre,Ceramica,2,85 M2. aproximadamente,Medellin Zona 1 - Centro,1,Semi-Integral,0 (),,4,2,85 M2.,0,0,1,0,0,0,0,0,0,0,0,0,0,1,0,0,0,0,0,0,0,0,0,0,0,0,0
193,Código 1205121  / Centro,"EN ARRIENDO $1,300,000",Apartamento en Arriendo Centro Medellin ,Centro,Baldosa comun,2,70 M2. aproximadamente,Medellin Zona 1 - Centro,1,Integral,0 (),,3,3,70 M2.,0,0,1,1,0,0,0,0,1,0,0,0,0,0,0,0,0,0,0,0,0,0,0,0,0,0,0
194,Código 1204007  / Prado,"EN ARRIENDO $1,500,000",APARTAMENTO EN PRADO CENTRO,Prado,Ceramica,2,110 M2. aproximadamente,Medellin Zona 1 - Centro,1,Integral,0 (),,4,4,110 M2.,0,0,1,0,0,0,0,0,0,0,0,0,0,1,0,0,0,0,0,0,0,0,0,0,0,0,0
195,Código 1193754  / Bombona,"EN ARRIENDO $870,000",Apartaestudio en Arriendo Bombona Medellin ,Bombona,Ceramica,1,38 M2. aproximadamente,Medellin Zona 1 - Centro,1,Integral,0 + cuarto útil (),,1,3,38 M2.,0,1,1,0,0,1,0,0,0,0,0,0,0,1,0,0,0,0,0,0,0,0,0,0,0,0,0
196,Código 1191219  / Encizo,"EN ARRIENDO $450,000",Apartamento en Arriendo Encizo Medellin ,Encizo,Ceramica,1,40 M2. aproximadamente,Medellin Zona 1 - Centro,1,Sencilla,0 (),,1,2,40 M2.,0,1,1,0,0,0,0,0,0,0,0,0,0,0,0,0,0,0,0,1,0,0,0,0,0,0,0
197,Código 1189621  / Centro,"EN ARRIENDO $950,000",Apartamento en Arriendo Centro Medellin ,Centro,Ceramica,1,40 M2. aproximadamente,Medellin Zona 1 - Centro,1,Integral,0 (),,1,4,40 M2.,0,0,1,0,0,1,0,0,0,0,0,0,0,1,0,0,0,0,0,1,0,0,0,0,0,0,0
198,Código 1185575  / La Milagrosa,"EN ARRIENDO $1,500,000",Apartamento en Arriendo La Milagrosa Medellin ,La Milagrosa,Ceramica,2,95 M2. aproximadamente,Medellin Zona 1 - Centro,1,Integral,0 (),,3,3,95 M2.,0,1,1,0,0,0,0,0,0,0,0,0,0,1,0,0,0,0,0,1,0,0,0,0,0,0,0
199,Código 1183193  / Buenos Aires,"EN ARRIENDO $2,000,000",Apartamento en Arriendo Buenos Aires Medellin ,Buenos Aires,Ceramica,0,33 M2. aproximadamente,Medellin Zona 1 - Centro,1,Integral,0 (),,0,3,33 M2.,0,0,0,0,0,0,0,0,0,0,0,0,0,0,0,0,0,0,0,0,0,0,0,0,0,0,0
200,Código 1182016  / Centro,"EN ARRIENDO $1,500,000",Apartamento en Arriendo Centro Medellin ,Centro,Ceramica,1,30 M2. aproximadamente,Medellin Zona 1 - Centro,1,Integral,0 (),,0,4,30 M2.,0,0,0,0,0,0,0,0,0,0,0,0,0,0,0,0,0,0,0,0,0,0,0,0,0,0,0
201,Código 1174417  / Boston,"EN ARRIENDO $1,100,000",Apartamento en Arriendo Boston Medellin ,Boston,Ceramica,2,50 M2. aproximadamente,Medellin Zona 1 - Centro,1,Semi-Integral,0 (),,2,4,50 M2.,0,1,1,0,0,1,0,0,0,0,0,0,0,1,0,0,0,0,0,1,0,0,0,0,0,0,0
202,Código 1170165  / Bombona,"EN ARRIENDO $1,000,000",Apartamento en Arriendo Bombona Medellin ,Bombona,Ceramica,1,37 M2. aproximadamente,Medellin Zona 1 - Centro,1,Integral,0 (),,1,3,37 M2.,0,0,1,0,0,0,0,0,0,0,0,0,0,1,0,0,0,0,0,1,0,0,0,0,0,0,0
203,Código 1166287  / Manrique,"EN ARRIENDO $1,500,000",Apartamento en Arriendo Manrique Medellin ,Manrique,Baldosa comun,2,190 M2. aproximadamente,Medellin Zona 1 - Centro,1,Sencilla,0 (),,4,3,190 M2.,0,0,1,0,0,0,0,0,0,0,0,0,0,1,0,0,0,0,0,1,0,0,0,0,0,0,0
204,Código 1164204  / Centro,"EN ARRIENDO $1,400,000",Apartamento en Arriendo o Venta Centro Medellin ,Centro,Ceramica,1,40 M2. aproximadamente,Medellin Zona 1 - Centro,1,Integral,0 (),,1,0,40 M2.,0,0,0,0,0,0,0,0,0,0,0,0,0,1,0,0,0,0,0,0,0,0,0,0,0,0,0
205,Código 1159746  / El Chagualo,"EN ARRIENDO $900,000",Apartamento en Arriendo El Chagualo Medellin ,El Chagualo,Baldosa comun,1,47 M2. aproximadamente,Medellin Zona 1 - Centro,1,Integral,0 (),,2,3,47 M2.,0,0,1,0,0,1,0,0,0,0,0,0,0,1,0,0,0,0,0,1,0,0,0,0,0,0,0
206,Código 1157502  / Bombona,"EN ARRIENDO $1,150,000",APARTAMENTO EN ARRIENDO SECTOR BOMBONA,Bombona,Ceramica,"1
                                    CABINADO",60 M2. aproximadamente,Medellin Zona 1 - Centro,1,Integral,1 (SENCILLO),,"3
                                    3 CLOSET",3,60 M2.,0,0,1,0,0,1,0,0,0,0,0,0,0,0,0,0,0,0,0,1,0,0,0,0,0,0,0
207,Código 1155854  / Boston,"EN ARRIENDO $1,700,000",Apartamento en Arriendo Boston Medellin ,Boston,Baldosa comun,1,220 M2. aproximadamente,Medellin Zona 1 - Centro,1,Semi-Integral,0 (),,4,4,220 M2.,0,1,1,0,0,0,0,0,1,0,0,0,0,1,0,0,0,0,0,0,0,0,0,0,0,0,0
208,Código 1149700  / El Salvador,"EN ARRIENDO $980,000",Apartamento en Arriendo El Salvador Medellin ,El Salvador,Baldosa comun,"1
                                    1 CABINADO",50 M2. aproximadamente,Medellin Zona 1 - Centro,1,Integral,0 (),,"2
                                    2 CLOSETS",3,50 M2.,0,0,1,0,0,0,0,0,0,0,0,0,0,0,0,0,0,0,0,1,0,0,0,0,0,0,0
209,Código 1145841  / Centro,"EN ARRIENDO $2,200,000",APARTAMENTO EN ARRIENDO SECTOR CENTRO,Centro,Madera laminada,"2 + Baño de servicio
                                    CABINADOS",235 M2. aproximadamente,Medellin Zona 1 - Centro,1,Integral,1 (CUBIERTO),,"1 + Alcoba de servicio
                                    3 ALCOBAS
3 CLOSET",5,235 M2.,0,1,1,0,0,1,0,0,0,0,0,0,0,1,0,0,0,0,0,1,0,0,0,0,1,0,0
210,Código 1135375  / Centro,"EN ARRIENDO $11,000,000",Apartamento en Arriendo Centro Medellin Zona 1 - Centro,Centro,Ceramica,1,400 M2. aproximadamente,Medellin Zona 1 - Centro,1,Integral,0 (),,1,4,400 M2.,0,0,0,0,0,0,0,0,0,0,0,0,0,0,0,0,0,0,0,0,0,0,0,0,0,0,0
211,Código 1132700  / Centro,"EN ARRIENDO $12,000,000",Apartamento en arrenamiento ,Centro,Ceramica,1,320 M2. aproximadamente,Medellin Zona 1 - Centro,1,Integral,0 (),,1,3,320 M2.,0,0,0,0,0,0,0,0,0,0,0,0,0,0,0,0,0,0,0,0,0,0,0,0,0,0,0
212,Código 1126946  / Boston,"EN ARRIENDO $2,000,000",Apartamento en Arriendo Boston Medellin ,Boston,Ceramica,3 + Baño de servicio,180 M2. aproximadamente,Medellin Zona 1 - Centro,1,Integral,0 (),,4 + Alcoba de servicio,4,180 M2.,0,0,0,0,0,0,0,0,0,0,0,0,0,0,0,0,0,0,0,0,0,0,0,0,0,0,0
213,Código 1105067  / San Benito,"EN ARRIENDO $6,500,000",Apartamento en Arriendo San Benito Medellin ,San Benito,Baldosa comun,3 + Baño de servicio,300 M2. aproximadamente,Medellin Zona 1 - Centro,1,Sencilla,0 (),,9 + Alcoba de servicio,6,300 M2.,0,1,1,0,0,0,0,0,1,0,0,0,0,0,0,0,0,0,0,0,0,0,0,0,0,0,0
